Idea,MVP,Feedback,Idea Status,MVP Status
"Rushing to expand into international marketsThis can divert time, resources, and focus away from maximizing success in the home market first, especially when the startup stage involves dealing with many unanticipated issues.","Mass ProductionStarting with a mass production can create a lot of unsold inventory if the product does not fit the market, which increases risk and leads to a potential loss of investment.","Combining the idea of speedy international expansion with the MVP approach of mass production can potentially create a risk-laden situation for MyBambooBike.

Expansion into international markets can be a positive progression if a company already has a strong and steady footing in its home market. However, MyBambooBike is still in its early stages. This implies that the company may still be grappling with foundational issues, such as perfecting the product design, sourcing materials, establishing a customer base, and stabilizing production processes. Given this backdrop, hastening to broaden to international markets may dilute the attention and resources necessary for consolidation in the home market.

Mass Production, as an MVP strategy, implies a plan to manufacture large quantities of bikes at the onset. This approach carries a significant financial risk, especially considering the novelty of the bamboo bike material and design. Market acceptance is not yet validated; if the bikes do not sell as expected, the company could have substantial unsold inventory amounting to an enormous financial loss.

Further, the combination of these two elements - international expansion and mass production - can compound these risks. Entering different international markets will introduce further complexity. Each market will have unique characteristics, consumer behaviors, regulations, and competitor scenarios to navigate. A mass production strategy may not fit well with this variability.

In conclusion, the combination of rushing international expansion with the initial massive production approach could escalate the business risk for MyBambooBike. It may be more beneficial for the company to first prove and establish its business model in the home market, then incrementally scale the production based on actual demand. It can then consider a well-planned, staged international expansion.",Not Optimal,Not Optimal
"Bamboo Bicycle Customization Offering customization of the bamboo bikes can help differentiate MyBambooBike further in the market. Customers might be willing to pay a premium for personalized colors, component choices, and engraving options. This approach can boost customer satisfaction, as they will feel more involved in the creation of their bike.
- **Feedback**: Customization aligns with the quality and exclusivity that MyBambooBike strives for, improving the value proposition and supporting a high-price strategy.","Selling Bicycles OnlineBy selling bicycles online without testing, there could be potential issues such as high product return rates due to incorrectly set customer expectations, leading to increased costs.","Looking at the idea and MVP side by side, it seems that their core motivations are somewhat compatible. Both strategies are aimed at creating a more customer-focused approach and are geared towards maximizing accessibility and customer satisfaction.

The idea of introducing customization of the bamboo bikes is a great way to attract a broad spectrum of customers with varying tastes. People like to put their personal touch on items, especially when these items are premium, like the MyBambooBike product. This kind of value-added feature can also encourage repeat business, as customers might enjoy the experience of designing their own bikes. Moreover, customization aligns with the main value proposition of MyBambooBike, offering a unique, stylish, and sustainable product.

The MVP, selling bicycles online, is increasingly viable as more and more people are comfortable making significant purchases over the internet. However, these are at odds with the intention behind the customization offering. An online platform might limit the degree of customization possible and make it harder for customers to see and appreciate the specific attributes of the bicycles (like the material and quality of construction). Additionally, the risk of high product return rates cannot be ignored.

A possible solution to this could be providing a very intuitive, feature-rich online customization tool and clear product descriptions or interactive previews. But it should also be complemented with a physical showroom where potential buyers could feel and experience the bikes and the customization process. Therefore, although the two can be compatible with a few adjustments, a purely online strategy could be limiting and lead to less than optimal customer experience.

In a nutshell, while both ideas do have merit on their own, combining them would require some adaptation to fully take advantage of their respective strengths and mitigating potential drawbacks. Still, the potential for success is high if an appropriate hybrid online-physical model is applied for customer convenience. This contextualized approach would ensure the full expression of customers' customization desires while safely showcasing bamboo bikes' attributes online and physically.",Optimal,Sub-Optimal
"Developing a Direct to Consumer (DTC) modelImplementing a DTC model allows MyBambooBike to bypass traditional retail channels, maintain control over the brand experience, and build a direct relationship with customers. This removes costs associated with third-party retailers and allows greater margin control. 
- **Feedback**: This strategy is optimal since it offers better profit margins and a stronger relationship with customers. The downside is the effort of marketing and logistics, which is now the company's own responsibility.","High-end Luxury ModelWhile a high-end luxury model may appeal to a specific niche, it doesn","The combination of a Direct to Consumer (DTC) model and a high-end luxury bicycle model can be a promising business strategy. 

The DTC model is highly effective as it enables direct communication between consumers and the company and implies increased control over branding, product pricing, and marketing. It also allows for valuable direct feedback from customers, which can be used to improve and customize the product further. Importantly, DTC can bring additional cost savings by eliminating the middlemen such as wholesalers or retailers.

The choice of a high-end luxury model as the Minimum Viable Product (MVP) adds a certain glamour to the product. Customers are ready to pay a premium when an item is deemed luxury or trendy, which leads to better profit margin. With strong branding and marketing strategies, a luxury bamboo bicycle can attract customers who are looking for unique, sustainable, and high-quality products, something that differentiates them from others.

Combining this MVP with a DTC business model could thus result in high profit margins on each sale, increased control over the customer experience and a deeper understanding of customers. The potential downside of this strategy might be a smaller customer base due to high costs and the challenge of correctly positioning the luxury product in the market.

Thus, a few important factors to consider with this combination are a strong online presence to support DTC, effective branding & marketing strategies to justify the high-end price, and excellent customer service - while constantly gauging and responding to customer feedback.

In conclusion, the combination of this Idea and MVP is compatible and potentially successful, given careful implementation and continual adjustment based on customer feedback.",Optimal,Not Optimal
Offering hefty discounts to increase sales volumeFrequent large discounts can devalue the brand and make it difficult for customers to justify paying the original price.,"Selling Bicycles OnlineBy selling bicycles online without testing, there could be potential issues such as high product return rates due to incorrectly set customer expectations, leading to increased costs.","The idea of offering hefty discounts to increase sales volume might not align perfectly with the brand image of MyBambooBike. Given that the brand's goal is to sell stylish, sustainable, and unique bikes, excessive discounts can dilute the brand's exclusivity and value proposition. Customers could perceive the product as lower quality and become hesitant to pay full price in the future. Therefore, while this strategy may boost initial sales volume, it could potentially harm the long-term profitability and brand image.

Regarding the MVP strategy of selling bicycles online, this has a strong potential for success in today's internet-driven shopping culture. However, bicycles are typically products that customers prefer to try or test before purchasing. Selling them online without offering a testing opportunity might lead to customer dissatisfaction and high return rates, which could increase operational costs. Not being able to test the bike and its unique bamboo frame might discourage potential customers. 

In conclusion, while selling online could reach a wider audience and thus enhance sales, combining this with frequent hefty discounts is likely not the optimal strategy as it could undermine perceived product quality. It would be advisable to consider alternatives, like limited promotional discounts, partnerships with eco-friendly initiatives, or offering test rides in designated areas before purchasing.",Not Optimal,Sub-Optimal
Partnership with Sustainable Lifestyle Brands Co-branding with companies that share the sustainability mission can boost the reach and appeal of MyBambooBike. Collaborations can result in custom designs and joint marketing ventures that expand exposure and customer base.,Invest All Budget in AdvertisingSpending all the budget on advertising without having verified product-market fit can lead to significant losses if the market response is not positive.,"The idea proposed - Partnership with Sustainable Lifestyle Brands - aligns well with the core mission of MyBambooBike. The synergy between sustainable companies can cultivate mutual growth and expansion in target audiences. This strategic partnership can contribute to a stronger brand image and increase consumer trust in the brand. The idea is optimal as it can lead to unique co-branded products, which can further set MyBambooBike apart from other bicycle competitors. Collaboration will also amplify the shared mission of sustainability and eco-friendly production, which could resonate well with environmentally conscious consumers. 

In contrast, the MVP - investing the entire budget in advertising - is not optimal for a startup, especially at such an early stage. This approach could pose serious risks if the product-market fit has not been verified yet. Spending all resources on advertising could lead to draining funds without the assurance of a positive market response. Besides, it might give false impressions about the product quality and create an unsustainable hype around it.

Moreover, a synergy between the chosen idea and MVP is missing. For a promising startup like MyBambooBike that primarily focuses on sustainability and uniqueness, the MVP should ideally involve elements of product development, feedback, and gradual market penetration. This might include partnerships and collaborations, brand storytelling focusing on its unique selling proposition (USP), customer feedback loops, and testing in smaller markets before a wider launch.

Therefore, a suitable MVP could involve launching a pilot programme with a select audience (perhaps derived from the partnerships with sustainable lifestyle brands) and collect feedback before investing significantly in advertising. This strategy also leaves room for adjustments based on early user feedback, improving the chances of success when the product is launched on a larger scale. 

Overall, while the idea shows great potential, the proposed MVP may need to be reconsidered to ensure efficacy and alignment with the startup's primary values.",Optimal,Not Optimal
"Ignoring Online SalesNeglecting the potential of online sales restricts the customer base and could limit the brand's ability to reach potential customers beyond brick and mortar stores, particularly in the age of online shopping.",Product Giveaway for FeedbackA few product giveaways can generate buzz and provide valuable user feedback.,"The combination of the given Idea and MVP presents an interesting dynamic for the startup, MyBambooBike.

On the idea front, neglecting online sales is a risky decision in the current digital age. E-commerce platforms drastically broaden the scope of potential customers and enhance brand visibility. Given the unique, eco-friendly, and stylish offering of Bamboo Bikes, online platforms could possibly be a great medium to expose the product to a wider, global market, particularly to eco-conscious consumers and those seeking unique, sustainable products. In contrast, limiting the business to brick-and-mortar stores may considerably restrict customer base and visibility. Additionally, with the ongoing pandemic, online sales have skyrocketed and consumer behavior has shifted towards online shopping. In this regard, the status of the idea as ""suboptimal"" seems apt, as it might hinder the company's growth prospects.

On the MVP side, a 'Product Giveaway for Feedback' seems like a brilliant move. As a start-up with an innovative product, generating buzz and hype around it is vital and product giveaways are a proven method to gain attention. More importantly, the feedback gathered will be invaluable to validate the product, understand customer preferences, and make necessary alterations before a broader market launch. The findings from these give-aways could also serve as a great tool for marketing and pitching to investors. Hence, the MVP status as 'Optimal' is well-deserved.

A possible improvement could be to align the idea and the MVP. For example, an online product-giveaway campaign could kill two birds with one stone – acquiring valuable customer feedback while also exploring the potential of an e-commerce platform. Using an online platform for the giveaway would allow reaching a wider audience, thus gaining a diverse set of feedbacks and validating the market acceptance across different geographies and demographics. 

In conclusion, while the MVP initiative seems highly promising, the idea needs revisiting to adapt to the digital era and maximise chances of business success. The founders should consider leveraging the power of online sales while also gaining visibility and feedback from potential customers.",Suboptimal,Optimal
"Diversifying Product Range Too EarlyImplementing early diversification might drain resources, divide focus and could confuse customers about the brand's identity and core offerings.","Selling Bicycles OnlineBy selling bicycles online without testing, there could be potential issues such as high product return rates due to incorrectly set customer expectations, leading to increased costs.","The idea of diversifying the product range early on does not seem a promising move for MyBambooBike. At this early stage, it is important to concentrate on perfecting the core product before branching out, so this idea appears suboptimal. Given that MyBambooBike offers a unique and niche product, its focus should be on ensuring this specialty product meets their customers' needs and expectations. 

Meanwhile, the MVP of selling bicycles online is a common and successful business model, especially in this digital age. However, it comes with its own set of challenges. With a product like a bicycle size, feel and comfort matter, without a physical store, customers can't try out before purchasing. This could lead to a potential higher product return rates and customer dissatisfaction which would negatively impact the profitability.

In combination, these two strategies could complicate the startup phase of the business. Early diversification might indeed diffuse the brand message, confuse customers and strain resources. This, coupled with an online-only sales model and the potential issues there could result in substantial operational and reputational risks.

Recommendations: 

1. Instead of diversifying too early, the founding team should focus on perfecting their prime product, the bamboo bicycle, and establish a strong brand and customer base.

2. Explore a hybrid model of online and offline sales. This could involve partnering with existing bicycle or sports goods shops to allow customers to try out the bamboo bikes before making a purchase online.

3. Test the waters with minimum risk: Consider launching a limited edition or smaller range of different models to evaluate consumer responses without diluting the brand or using too many resources. 

4. Leverage digital tools like AR/VR to enable customers to virtually try the product and enhance the online shopping experience, reducing the potential return rates and boosting customer satisfaction.",Suboptimal,Sub-Optimal
"Crowdfunding Campaign Such a campaign would raise initial funds, create brand awareness, and test market receptivity. Kickstarter or Indiegogo could be a good platforms considering their strong community of sustainability-focused contributors.","Ignoring Market ResearchSkipping on gathering initial customer feedback and market research, could lead the team to make incorrect assumptions about their target market and product.","The proposed idea and MVP are contrasted, which could lead to a risky situation.

The idea of a crowdfunding campaign is excellent. It's compatible with the sustainable and innovative nature of 'MyBambooBike.' Kickstarter or Indiegogo are both platforms recognized for their ability to fund niche, eco-friendly projects. Leveraging these platforms can achieve multiple objectives such as gauging customer interest, building brand awareness and generating the necessary capital to kickstart production. 

Nevertheless, market research is an essential elementary step in launching any business. It's especially important in this case where the product (bamboo bike) is slightly unconventional and a relatively new concept. Without market research, you’re designing by assumption instead of actual data.

Ignoring market research as part of your MVP could seriously undermine the effectiveness of your crowdfunding campaign. Without having a solid understanding of your target market, their needs and preferences, it would be challenging to frame the campaign effectively. Additionally, market research could provide valuable insights to make the product more appealing to potential contributors.

The crowdfunding campaign also provides an avenue to conduct some level of market research by gauging reception, feedback, and sentiment of potential customers. Investors typically back projects that they perceive as beneficial or valuable to them. Observing the reception, questions, comments, and, most importantly, the funding from the crowdfunding campaign can provide some knowledge of the target market. However, this should not replace comprehensive market research and data driven decision making. 

In conclusion, although the crowdfunding idea is optimal, skipping the market research part is not, and might even put a damper on your crowdfunding efforts. Consider revisiting this approach. Conducting initial market research could considerably increase the likelihood of a successful crowdfunding campaign and thus a successful launch for 'MyBambooBike.'",Optimal,Not Optimal
"Investing Significantly in Extravagant Marketing CampaignsSpending heavily on extravagant marketing campaigns doesn't ensure a high return on investment, particularly when the brand is still in its nascent stages, and might drain resources that could be better used elsewhere.",Physical Pop-Up StoreA temporary physical presence allows for direct interaction with potential customers. They can see the uniqueness of bamboo frames and appreciate their craftsmanship.,"The chosen idea and MVP seem to be conflicting in their approaches to driving visibility and sales for the MyBambooBike startup. 

Starting with the idea, investing significantly in extravagant marketing campaigns for a niche, early-stage product risks straining budget resources and potentially not reaching the specific clientele that the product needs. The bamboo bike is a unique and specialty product with distinctive selling points—such as sustainability, stylishness, timelessness, and uniqueness—that may not translate well through broad, high-cost marketing efforts. The targeted audience for such product might require more personalized, direct, and education-based marketing to fully understand and appreciate the product's value. 

Meanwhile, the MVP, which is a physical pop-up store, seems to be in perfect alignment with the product's requirements for marketing. Pop-up stores allow customers to physically interact with the bikes, understand their worth, and appreciate their aesthetic appeal and uniqueness more than any extravagant marketing campaign could convey. This approach also provides opportunities for direct and effective customer education, suggestions for product improvement, and likely more conversions to sales. 

Consequently, these two strategies may not be compatible due to the different approaches to marketing and advertising. It might be beneficial to consider a change in the marketing idea - perhaps toward more cost-effective, targeted marketing methods that align better with the physical pop-up store strategy. These could include social media marketing on platforms popular with environmentally-conscious consumers, influencer partnerships, or community events to build trust and understanding with potential customers. 

Overall, sticking with the pop-up store MVP while aligning the marketing idea to this more personal, experiential strategy would likely result in a more harmonious and successful business approach.",Suboptimal,Optimal
Corporate Social Responsibility ProgramsImplementing a corporate social responsibility program where a percentage of profits goes towards environmental or social initiatives reinforces the company's commitment to sustainability and enhances its image. ,Expanding to Multiple Markets SimultaneouslyThis could stretch the company,"The idea of implementing a Corporate Social Responsibility (CSR) program aligns perfectly with MyBambooBike's ethos for sustainability and fairness. This initiative would add considerable value to the company's brand image and could attract the ever-growing consumer base that values environmentally responsible businesses. It could also lead to possible partnerships with other environmentally conscious businesses and organizations, enhancing its network and reputation. The revenues generated can also provide funding that could be channeled back into the business for further growth.

However, the MVP strategy, suggesting expanding into multiple markets simultaneously, could pose significant challenges, primarily because MyBambooBike is still in its early stages. This strategy could stress the resources and cash flow of a concept that is starting, making it difficult to maintain quality control, logistics, marketing, customer service, and still provide for the CSR program. 

If both are implemented simultaneously, it could lead to operational stress and inefficiencies if the CSR program is not appropriately funded. Without a solid market base, expanding to multiple markets could dilute the brand's resonance and affect the overall reputation of the company, thereby adversely affecting the CSR program as well.

A better approach would be to start with a robust CSR program whilst steadily growing its local market. After achieving stability and understanding consumers' feedback and needs, they could then consider expansion carefully. The MVP should be closely aligned with the unique value proposition and sustainable ethos of the company, so market expansion could involve partnering with other sustainable businesses rather than broadening to multiple markets independently.

In conclusion, while the Idea and MVP are individually impactful, combining the two at this particular stage of the business could lead to potential problems. So, though their combination is indeed powerful, timing and execution should be carefully planned and adjusted according to the business's resources and capabilities.",Optimal,Sub-Optimal
"Partnership with Sustainability-focused OrganizationsBy partnering with environment-focused organizations, MyBambooBike can build its sustainability-related brand value. Collaborations can include sponsored bamboo planting, environmental education, or carbon offsets through cycling programs.
- **Feedback**: Such partnerships will strengthen the company's brand image and will resonate well with the target customers who value sustainability and corporate responsibility. ",Demo Bikes in Local Eco-StoresPlacing a few demo bikes in stores with eco-friendly products will potentially attract the right consumer base.,"The idea and MVP described not only complement each other, but they also fall in-line with the core values and vision of MyBambooBike. By creating strategic partnerships with sustainability-focused organisations, the company can enhance its brand image, broaden its reach, and address a larger customer base that aligns with its brand values, hence it's a worthwhile strategic decision.

Implementing an MVP by placing demo bikes in local eco-stores is a smart strategy. Customers visiting these stores are already interested in eco-friendly products, and seeing a functional, stylish, and sustainable bicycle can trigger impulse buying or at least influence them to consider purchasing in the future. It also helps in creating brand awareness and provides potential customers an opportunity for a 'touch and feel' experience which often is an influencer in purchasing decisions. Given that the bicycles are environmentally friendly and unique, having them in a space where they can be touched, seen, and ridden may stand to significantly increase their appeal to potential buyers.

However, the main challenge here is ensuring the quality and the performance of the bikes. Since bamboo bikes are not very common, consumers might have concerns about the durability, strength, and overall performance of these bikes as compared to their traditional steel or carbon counterparts. It is crucial for MyBambooBike to address these concerns through proper communication, customer education, and after-sales service.

Therefore, the combination of this business partnership idea with the MVP of placing demo bikes in eco-stores can be quite effective for the company in enhancing its brand image, creating awareness, increasing visibility and potentially driving sales. 
The success of this combination will not only be determined by the strategy itself but also how well it's executed. It requires continual effort in building relationships with the right partners, maintaining the bike quality and ensuring good customer service. The company must also be prepared to adapt and modify its strategies based on the feedback and changing preferences of its target customers.",Optimal,Optimal
Offering hefty discounts to increase sales volumeFrequent large discounts can devalue the brand and make it difficult for customers to justify paying the original price.,"Creating Multiple ModelsCreating multiple models at the start can lead to decision paralysis for the customers and dilute the primary value proposition of a single, sustainable, stylish bike.","The combination of offering hefty discounts to increase sales volume and creating multiple models for a startup like MyBambooBike presents several challenges.

In terms of offering substantial discounts, this strategy somewhat contradicts the positioning of selling stylish and sustainable bamboo bicycles. Given that these bikes are sustainable, different, and uphold certain values, heavy discounts may end up cheapening the perceived value and quality of the product. Whilst discounts may increase the sales volume in the short term, it could be detrimental in the long run as this could tarnish the brand's premium and unique image which it aims to portray. Additionally, customers may become accustomed to these discounts, making it hard for the company to sell products at full price in the future.

On the matter of creating multiple models, while this might attract different segments of the market, it could introduce complexity in the manufacturing, inventory management, and marketing processes. Handling various models may be strenuous for a startup operationally and financially. It may also confuse potential customers who are yet to understand the central value proposition of the brand – a single, stylish, sustainable bamboo bicycle. Creating multiple models may dilute this message and risk making the product offering less clear to potential customers.

In conclusion, both the idea of offering heavy discounts and the MVP of creating multiple models initially seems not well-suited for the MyBambooBike startup. The founding team should consider focusing on emphasizing the unique value proposition of their product and building a strong brand reputation instead of diluting it with heavy discounts and a confused product offering, as the success of both the Idea and the MVP relies heavily on the understanding of the market's acceptance of the brand's core value proposition.",Not Optimal,Not Optimal
Bamboo Bike Building Workshops Offering workshops on how to build bamboo bikes fosters brand loyalty and gives potential buyers the experience of participating in the making process. It could be an effective marketing tool and an additional source of revenue.,Test Sales at Local Markets/FairsSelling a few units at local fairs is a great way to test direct customer interest.,"The combination of constructing bamboo bike-building workshops as a marketing tool and an extra avenue for income, along with selling test units at local markets/fairs for direct evidence of customer interest, seems to be an intelligent strategy for MyBambooBike startup.

Idea: The concept of bamboo bike-building workshops meshes really well with the founding team's objective for sustainability and fairness. By doing so, they're not only transparent in how their bikes are made but also encourage the public to be more invested in a sustainable lifestyle. This would appeal to potential customers' sense of environmental responsibility, and also give them a unique, hands-on experience that other bike companies may not offer. Such workshops can foster a community, fuel word-of-mouth marketing, and create brand loyalty amongst the participants, all of which can enhance the brand image and reach of MyBambooBike. It's also an alternative revenue stream.

MVP: Selling test units at local markets and fairs has the dual advantage of validating the concept and building awareness amongst potential customers. They can directly see, touch, and experience the product, which can help create a better impression. Also, it allows for direct customer feedback and interaction, which are vital in managing the early stages of any product. 

Compatibility: Both ideas support and feed into one another well. The workshops give consumers a deep-dive into the making process and show the value of the product, while the test sales at local markets act as a direct method for consumers to engage with the finished product and provide instant feedback. 

Potential Success: Due to the increasing demand for sustainable products, the cultural connection of the bamboo material, the socially engaging idea, and the concept testing through MVP, the chances of success for this business are high. The business still needs to be cautious and agile to customer feedback and be ready to pivot based on that. 

Critically, the business will need to ensure the premium pricing (if any) of bicycles due to the bamboo structure is justifiable and competitive with traditional bicycles. It will be vital to highlight the quality, sustainability, and exclusivity of the bamboo bikes, to justify the price point. 

Lastly, the team must be prepared for intensive logistical planning, especially regarding the workshops - organising resources, managing space, ensuring safety, and maintaining a meaningful customer experience.",Optimal,Optimal
"Introducing too many different product models earlyThis can confuse customers and dilute the brand identity, making it hard for the business to establish a clear market position. It would also increase the operational and inventory costs.","Over-complicated DesignAn over-complicated design may not only increase production costs but also decrease the appeal to customers looking for a simple, stylish bike.","This combination of idea and MVP may pose serious challenges to the success of MyBambooBike. 

The idea of introducing too many product models early on in the startup phase could be detrimental to the brand's identity, as customers may become overwhelmed with choices. It's possible that they may fail to grasp the primary selling points and uniqueness of the product, which in this case is the sustainable and stylish bamboo bicycles. Moreover, creating an extensive range of models right from the start could mean a significant hike in operational and inventory costs, thereby increasing financial risk.

Similarly, an overly complicated design for the MVP contradicts the simplicity and style that is intrinsic to the concept of a bamboo bicycle. Customers interested in a bamboo bike are likely to be looking for a product that is minimalist, stylish, and easy to use. Therefore, if the design is complex, it could decrease the product's appeal and risk alienating the intended market.

In conclusion, this combination of idea and MVP is not conducive to the potential success of MyBambooBike. It would be more advisable to start with a small range of simple yet appealing models that breathe life into the company's vision of creating a stylish, sustainable bamboo bicycle. This approach could help the company carve out a clear identity and attract a dedicated customer base, leading to a much higher probability of success while keeping operational costs under control.",Not Optimal,Not Optimal
Negative advertising on competitorsThis could harm the brand,"Investing in Expensive AdvertisingWithout understanding the exact target market and their response to the product, advertising could result in a poor return on investment.","The Idea and MVP for the MyBambooBike startup suggest two different paths that could potentially harm the company's image and financial stability.

Negative advertising on competitors as an idea does not align with the company's values of sustainability and fairness. While it may help to emphasize the unique aspects of the bamboo bike, it can also put off potential customers who view the tactic as aggressive or unethical. It could harm the overall brand reputation and counteract the positive messaging around sustainable and ethical business practices. This strategy also could potentially spiral into public backlash or a negative advertising war with competitors, further damaging the company’s reputation. Thus, the 'Negative advertising on competitors' idea seems not optimal and misaligned with the brand's ethos.

Similarly, the MVP of investing in expensive advertising could pose significant financial risks. Without already having a strong understanding of the target market and their response to the product, a heavy investment into advertising might not generate the desired return. The key focus for the MVP stage should be gaining insights about the potential customers, understanding their needs, and learning their behavior. Only after these bases are covered should there be significant spending on targeted advertising campaigns. Therefore, the 'Investing in Expensive Advertising' as the MVP is also a sub-optimal choice.

In conclusion, the idea and MVP combined could negatively affect both the financial stability and the image of MyBambooBike. It would be in the founding team's best interest to pivot to a strategic plan that aligns more with their sustainability, fairness values, and understanding of their potential customers. This could involve positive brand differentiation, targeted market research, and gradual, mindful investment in advertising as they learn more about their customer base.",Not Optimal,Sub-Optimal
"Relying Only on Social Media for MarketingWhile social media is an important channel, neglecting other marketing channels like print, radio, or events can lead to lost potential customers who don't heavily use social media.","Investing in Expensive AdvertisingWithout understanding the exact target market and their response to the product, advertising could result in a poor return on investment.","The combination of the idea of relying solely on social media for marketing and the MVP of investing in expensive advertising may be contradictory and problematic for MyBambooBike.  Here's why:

1. Marketing Channel Limitation: Reliance on only one channel (social media) may limit your reach to potential customers. Certainly, social media is a powerful tool for reaching and engaging a global audience, especially for a business like MyBambooBike that sells a unique and stylish product. It's great for showcasing the elegance and uniqueness of your bamboo bikes, and its sustainability aspect can win over eco-conscious clients. However, your audience is not limited to social media users. Offline media (e.g., print, radio, events) and other digital channels (e.g., SEO, Email marketing) can help pull in folks who either don't use social media, or prefer other platforms for seeking information or shopping. In short, solely relying on social media might limit product visibility and potentially lead to fewer sales.

2. High Expense on Advertising: Investing in expensive advertising for an MVP might not yield good ROI, especially without adequate market understanding and response prediction. Premium advertising can be a significant burn on your budget without a guaranteed return. Since you're still in the early stages, it would be optimal to start small, such as by running cost-effective marketing campaigns to gather data about your target market. Once you have enough data and a better understanding of your audience, you can then consider investing in more extensive and, possibly, expensive advertising.

In conclusion, for your startup to be successful in this competitive marketplace, you need a broader marketing approach beyond social media, and careful spending on advertising that correlates with your understanding of your target market. Therefore, finding a balance between necessary marketing diversification and smart spending on advertising would be key for MyBambooBike's early success.",Suboptimal,Sub-Optimal
"Lack of customer service investmentPoor customer service can lead to negative reviews, damaging the brand image and reducing the likelihood of repeated business.",Demo Bikes in Local Eco-StoresPlacing a few demo bikes in stores with eco-friendly products will potentially attract the right consumer base.,"The combination of the identified issue – lacking customer service investments – and the minimum viable product (MVP) approach – placing demo bikes in local eco-stores – can be analysed from a few different aspects.

The lack of customer service investment is a concerning factor for any business, particularly for a startup like MyBambooBike which strongly relies on its brand image and consumer satisfaction to differentiate itself in the market. Given the unique and sustainable nature of the product, customers may have a lot of questions and concerns that need to be well addressed. Poor customer service could lead to dissatisfaction, negative reviews, and lost customers, all of which could greatly impact the business. Therefore, investing in providing excellent customer service should be a priority.

The MVP solution of placing demo bikes in local eco-stores shows a good understanding of the consumer base and a strategic way of attracting the right type of consumer. Consumers who shop at eco-stores are more likely to be interested in sustainable and eco-friendly products and thus would be a good target audience for MyBambooBike. This could increase the visibility of the product, improve consumer perception, and potentially increase sales.

While the MVP is a strong, strategic move, the lack of customer service investment could undermine its effectiveness. Even with great visibility and initial customer interest, poor customer service can turn away potential buyers and even lead to negative word of mouth, diminishing the overall impact of the MVP.

Therefore, it is crucial for the team to address the issue of customer service investment alongside implementing the MVP strategy. This could involve training staff, establishing a customer service protocol, or utilising customer service management software to ensure that customers are well-taken care of. With these adjustments, the combination of the idea and MVP for the MyBambooBike startup could have a much greater chance of success. The team could then continue to innovate and refine the business model based on customer feedback and market trends.",Not Optimal,Optimal
"Developing a Direct to Consumer (DTC) modelImplementing a DTC model allows MyBambooBike to bypass traditional retail channels, maintain control over the brand experience, and build a direct relationship with customers. This removes costs associated with third-party retailers and allows greater margin control. 
- **Feedback**: This strategy is optimal since it offers better profit margins and a stronger relationship with customers. The downside is the effort of marketing and logistics, which is now the company's own responsibility.",Collaborate With Local CafesCafes attract the same target audiences who are likely to value sustainable and stylish products. Landing space for a demo unit or two in popular local cafes could cater to organic potential user interest.,"The combination of the Direct to Consumer (DTC) model and Collaboration With Local Cafes as an MVP is indeed very promising. 

The DTC model allows MyBambooBike to maintain complete control over its branding and customer experience, which is extremely important for startups seeking to differentiate themselves in the market. This strategy is particularly beneficial for a company like MyBambooBike, which is selling a unique, niche product. Having the ability to control how customers perceive the product and how it is presented to them is invaluable. Moreover, the higher profit margins offered by the elimination of middlemen will also help the company sustain operations and potentially reinvest profits for growth.

The decision to leverage local cafes as a medium to showcase their product aligns perfectly with the DTC model. This strategy ensures that the product is presented directly to potential customers in a market, which shares a similar target audience. These venues attract consumers who value sustainability and are most likely to appreciate the purpose and design of the bamboo bicycle. It's a clever and cost-effective form of advertising/marketing that drives both awareness and interest.

However, it's worth noting that with the DTC model, MyBambooBike would shoulder greater responsibility in areas like logistics and customer service. This could lead to higher operational demands and costs. Also, collaborating with local cafes might limit the reach to a local audience. 

In conclusion, both the chosen business model and MVP align well with MyBambooBike's mission and target audience, making it highly likely for potential success. It combines effective targeting with efficient business operations. However, it's important to keep in mind the challenges that may arise, such as logistics and the scope of reach, and prepare appropriate strategies to address these.",Optimal,Optimal
Focusing on B2B sales onlyThis restricts the potential market size and contradicts the brand,"Selling Bicycles OnlineBy selling bicycles online without testing, there could be potential issues such as high product return rates due to incorrectly set customer expectations, leading to increased costs.","Idea & MVP Evaluation:

The idea of focusing solely on B2B sales could potentially limit MyBambooBike's market size. While businesses could be interested in purchasing bamboo bicycles for various reasons – as corporate gifts, promotional items, or for environmentally conscious commute fleet – it's important to consider consumers who are growing increasingly sustainability-conscious and might be interested in purchasing such an eco-friendly, unique product for their personal use. 

Moreover, the brand's focus on sustainability, design and freshness might resonate more with individual consumers than businesses. Direct B2C sales could be an excellent opportunity for the startup to not only ramp up sales but also to strengthen its brand and customer relationships.

On the MVP aspect, selling bicycles online could be an effective and efficient distribution strategy. It allows for reaching a broad audience, regardless of geographical boundaries. Furthermore, in the wake of recent global health events, a shift towards e-commerce has been accelerated and offers a unique opportunity for startups such as MyBambooBike.

However, selling bicycles online also presents certain challenges. It includes setting accurate customer expectations and reducing high return rates. A bike is a significant investment and people often want to test ride before buying. Detailed product descriptions, customer reviews, videos, and possibly even virtual or augmented reality features might help to lessen these issues. Integrating an option for offline testing or a solid return policy could also be beneficial.

Overall, while the B2B focus might not be optimal considering the product and potential market, the MVP approach of selling online can be effective if planned and executed thoughtfully. A hybrid approach with focus on both B2B and B2C markets, paired with the right online sales strategy, could potentially lead to success for MyBambooBike. With careful consideration of customer expectations and thorough aftersales service, the startup could navigate through initial impediments on its journey.
",Not Optimal,Sub-Optimal
"Collaboration with Sustainable Brands and Influencers Partner with brands that align with MyBambooBike's sustainable and minimalist ethos and engage influencers in the biking, sustainable lifestyle, and eco-fashion niches for product promotions. This marketing strategy will appeal to their customer base and increase brand visibility significantly."",
  This strategy works well because it saves on marketing costs while reaching targeted potential customers who appreciate sustainability and minimalist design. The influencer and brand endorsement lend credibility to the startup, and shared ethics can create a loyal customer base. '}, ",Test Sales at Local Markets/FairsSelling a few units at local fairs is a great way to test direct customer interest.,"The combination of this idea and MVP appears to be an excellent strategy for the MyBambooBike startup and have the potential for high compatibility and success.

The proposed idea of partnering with sustainable brands and influencers aligns well with the brand's core values of sustainability and minimalist design. By doing this, the company can leverage these partnerships to increase brand visibility and credibility, especially among eco-conscious consumers. Influencers in the biking, sustainability, and eco-fashion niches have the power to reach a ready audience that is likely to be receptive to the unique value proposition of a bamboo bicycle.

In combination with this, the MVP of testing sales at local markets and fairs also aligns seamlessly with the proposed idea. At these venues, the startup can directly reach consumers who are likely to value sustainability and unique design. Given the unique and tactile nature of bamboo bicycles, having a physical presence at these markets also gives potential customers a chance to 'touch and feel' the product and experience its differentiability first hand. This method could provide valuable face-to-face feedback that can further drive product refinement.

Furthermore, any product placements or promotions involving partnered brands and influencers can potentially draw more attendees to these fairs and markets to see the products.

Thus, the complement of these two strategies can create a virtuous cycle of increasing brand awareness, product validation and refinement, customer engagement, and sales. Given the shared emphasis on sustainability and direct customer interaction, I believe the combination of this idea and MVP is optimal and is likely to be successful.",Optimal,Optimal
